--
-- PostgreSQL database dump
--

-- Dumped from database version 15.1
-- Dumped by pg_dump version 15.1

SET statement_timeout = 0;
SET lock_timeout = 0;
SET idle_in_transaction_session_timeout = 0;
SET client_encoding = 'UTF8';
SET standard_conforming_strings = on;
SELECT pg_catalog.set_config('search_path', '', false);
SET check_function_bodies = false;
SET xmloption = content;
SET client_min_messages = warning;
SET row_security = off;

SET default_tablespace = '';

SET default_table_access_method = heap;

--
-- Name: auth_group; Type: TABLE; Schema: public; Owner: postgres
--

CREATE TABLE public.auth_group (
    id integer NOT NULL,
    name character varying(150) NOT NULL
);


ALTER TABLE public.auth_group OWNER TO postgres;

--
-- Name: auth_group_id_seq; Type: SEQUENCE; Schema: public; Owner: postgres
--

ALTER TABLE public.auth_group ALTER COLUMN id ADD GENERATED BY DEFAULT AS IDENTITY (
    SEQUENCE NAME public.auth_group_id_seq
    START WITH 1
    INCREMENT BY 1
    NO MINVALUE
    NO MAXVALUE
    CACHE 1
);


--
-- Name: auth_group_permissions; Type: TABLE; Schema: public; Owner: postgres
--

CREATE TABLE public.auth_group_permissions (
    id bigint NOT NULL,
    group_id integer NOT NULL,
    permission_id integer NOT NULL
);


ALTER TABLE public.auth_group_permissions OWNER TO postgres;

--
-- Name: auth_group_permissions_id_seq; Type: SEQUENCE; Schema: public; Owner: postgres
--

ALTER TABLE public.auth_group_permissions ALTER COLUMN id ADD GENERATED BY DEFAULT AS IDENTITY (
    SEQUENCE NAME public.auth_group_permissions_id_seq
    START WITH 1
    INCREMENT BY 1
    NO MINVALUE
    NO MAXVALUE
    CACHE 1
);


--
-- Name: auth_permission; Type: TABLE; Schema: public; Owner: postgres
--

CREATE TABLE public.auth_permission (
    id integer NOT NULL,
    name character varying(255) NOT NULL,
    content_type_id integer NOT NULL,
    codename character varying(100) NOT NULL
);


ALTER TABLE public.auth_permission OWNER TO postgres;

--
-- Name: auth_permission_id_seq; Type: SEQUENCE; Schema: public; Owner: postgres
--

ALTER TABLE public.auth_permission ALTER COLUMN id ADD GENERATED BY DEFAULT AS IDENTITY (
    SEQUENCE NAME public.auth_permission_id_seq
    START WITH 1
    INCREMENT BY 1
    NO MINVALUE
    NO MAXVALUE
    CACHE 1
);


--
-- Name: authtoken_token; Type: TABLE; Schema: public; Owner: postgres
--

CREATE TABLE public.authtoken_token (
    key character varying(40) NOT NULL,
    created timestamp with time zone NOT NULL,
    user_id bigint NOT NULL
);


ALTER TABLE public.authtoken_token OWNER TO postgres;

--
-- Name: crm_client; Type: TABLE; Schema: public; Owner: postgres
--

CREATE TABLE public.crm_client (
    id bigint NOT NULL,
    first_name character varying(25) NOT NULL,
    last_name character varying(25) NOT NULL,
    email character varying(100) NOT NULL,
    phone character varying(20) NOT NULL,
    mobile character varying(20) NOT NULL,
    company_name character varying(250) NOT NULL,
    datetime_created timestamp with time zone NOT NULL,
    datetime_updated timestamp with time zone NOT NULL,
    sales_contact_id bigint
);


ALTER TABLE public.crm_client OWNER TO postgres;

--
-- Name: crm_client_id_seq; Type: SEQUENCE; Schema: public; Owner: postgres
--

ALTER TABLE public.crm_client ALTER COLUMN id ADD GENERATED BY DEFAULT AS IDENTITY (
    SEQUENCE NAME public.crm_client_id_seq
    START WITH 1
    INCREMENT BY 1
    NO MINVALUE
    NO MAXVALUE
    CACHE 1
);


--
-- Name: crm_contract; Type: TABLE; Schema: public; Owner: postgres
--

CREATE TABLE public.crm_contract (
    id bigint NOT NULL,
    datetime_created timestamp with time zone NOT NULL,
    datetime_updated timestamp with time zone NOT NULL,
    status_sign boolean NOT NULL,
    amount numeric(9,2) NOT NULL,
    payment_due date NOT NULL,
    client_id bigint NOT NULL,
    sales_contact_id bigint
);


ALTER TABLE public.crm_contract OWNER TO postgres;

--
-- Name: crm_contract_id_seq; Type: SEQUENCE; Schema: public; Owner: postgres
--

ALTER TABLE public.crm_contract ALTER COLUMN id ADD GENERATED BY DEFAULT AS IDENTITY (
    SEQUENCE NAME public.crm_contract_id_seq
    START WITH 1
    INCREMENT BY 1
    NO MINVALUE
    NO MAXVALUE
    CACHE 1
);


--
-- Name: crm_event; Type: TABLE; Schema: public; Owner: postgres
--

CREATE TABLE public.crm_event (
    id bigint NOT NULL,
    datetime_created timestamp with time zone NOT NULL,
    datetime_updated timestamp with time zone NOT NULL,
    attendees integer,
    event_date date,
    notes text NOT NULL,
    status boolean NOT NULL,
    support_contact_id bigint,
    contract_id bigint NOT NULL,
    name character varying(100) NOT NULL
);


ALTER TABLE public.crm_event OWNER TO postgres;

--
-- Name: crm_event_id_seq; Type: SEQUENCE; Schema: public; Owner: postgres
--

ALTER TABLE public.crm_event ALTER COLUMN id ADD GENERATED BY DEFAULT AS IDENTITY (
    SEQUENCE NAME public.crm_event_id_seq
    START WITH 1
    INCREMENT BY 1
    NO MINVALUE
    NO MAXVALUE
    CACHE 1
);


--
-- Name: django_admin_log; Type: TABLE; Schema: public; Owner: postgres
--

CREATE TABLE public.django_admin_log (
    id integer NOT NULL,
    action_time timestamp with time zone NOT NULL,
    object_id text,
    object_repr character varying(200) NOT NULL,
    action_flag smallint NOT NULL,
    change_message text NOT NULL,
    content_type_id integer,
    user_id bigint NOT NULL,
    CONSTRAINT django_admin_log_action_flag_check CHECK ((action_flag >= 0))
);


ALTER TABLE public.django_admin_log OWNER TO postgres;

--
-- Name: django_admin_log_id_seq; Type: SEQUENCE; Schema: public; Owner: postgres
--

ALTER TABLE public.django_admin_log ALTER COLUMN id ADD GENERATED BY DEFAULT AS IDENTITY (
    SEQUENCE NAME public.django_admin_log_id_seq
    START WITH 1
    INCREMENT BY 1
    NO MINVALUE
    NO MAXVALUE
    CACHE 1
);


--
-- Name: django_content_type; Type: TABLE; Schema: public; Owner: postgres
--

CREATE TABLE public.django_content_type (
    id integer NOT NULL,
    app_label character varying(100) NOT NULL,
    model character varying(100) NOT NULL
);


ALTER TABLE public.django_content_type OWNER TO postgres;

--
-- Name: django_content_type_id_seq; Type: SEQUENCE; Schema: public; Owner: postgres
--

ALTER TABLE public.django_content_type ALTER COLUMN id ADD GENERATED BY DEFAULT AS IDENTITY (
    SEQUENCE NAME public.django_content_type_id_seq
    START WITH 1
    INCREMENT BY 1
    NO MINVALUE
    NO MAXVALUE
    CACHE 1
);


--
-- Name: django_migrations; Type: TABLE; Schema: public; Owner: postgres
--

CREATE TABLE public.django_migrations (
    id bigint NOT NULL,
    app character varying(255) NOT NULL,
    name character varying(255) NOT NULL,
    applied timestamp with time zone NOT NULL
);


ALTER TABLE public.django_migrations OWNER TO postgres;

--
-- Name: django_migrations_id_seq; Type: SEQUENCE; Schema: public; Owner: postgres
--

ALTER TABLE public.django_migrations ALTER COLUMN id ADD GENERATED BY DEFAULT AS IDENTITY (
    SEQUENCE NAME public.django_migrations_id_seq
    START WITH 1
    INCREMENT BY 1
    NO MINVALUE
    NO MAXVALUE
    CACHE 1
);


--
-- Name: django_session; Type: TABLE; Schema: public; Owner: postgres
--

CREATE TABLE public.django_session (
    session_key character varying(40) NOT NULL,
    session_data text NOT NULL,
    expire_date timestamp with time zone NOT NULL
);


ALTER TABLE public.django_session OWNER TO postgres;

--
-- Name: users_team; Type: TABLE; Schema: public; Owner: postgres
--

CREATE TABLE public.users_team (
    id bigint NOT NULL,
    name character varying(10) NOT NULL
);


ALTER TABLE public.users_team OWNER TO postgres;

--
-- Name: users_team_id_seq; Type: SEQUENCE; Schema: public; Owner: postgres
--

ALTER TABLE public.users_team ALTER COLUMN id ADD GENERATED BY DEFAULT AS IDENTITY (
    SEQUENCE NAME public.users_team_id_seq
    START WITH 1
    INCREMENT BY 1
    NO MINVALUE
    NO MAXVALUE
    CACHE 1
);


--
-- Name: users_user; Type: TABLE; Schema: public; Owner: postgres
--

CREATE TABLE public.users_user (
    id bigint NOT NULL,
    password character varying(128) NOT NULL,
    last_login timestamp with time zone,
    is_superuser boolean NOT NULL,
    username character varying(150) NOT NULL,
    first_name character varying(150) NOT NULL,
    last_name character varying(150) NOT NULL,
    email character varying(254) NOT NULL,
    is_staff boolean NOT NULL,
    is_active boolean NOT NULL,
    date_joined timestamp with time zone NOT NULL,
    phone character varying(20),
    mobile character varying(20),
    team_id bigint NOT NULL
);


ALTER TABLE public.users_user OWNER TO postgres;

--
-- Name: users_user_groups; Type: TABLE; Schema: public; Owner: postgres
--

CREATE TABLE public.users_user_groups (
    id bigint NOT NULL,
    user_id bigint NOT NULL,
    group_id integer NOT NULL
);


ALTER TABLE public.users_user_groups OWNER TO postgres;

--
-- Name: users_user_groups_id_seq; Type: SEQUENCE; Schema: public; Owner: postgres
--

ALTER TABLE public.users_user_groups ALTER COLUMN id ADD GENERATED BY DEFAULT AS IDENTITY (
    SEQUENCE NAME public.users_user_groups_id_seq
    START WITH 1
    INCREMENT BY 1
    NO MINVALUE
    NO MAXVALUE
    CACHE 1
);


--
-- Name: users_user_id_seq; Type: SEQUENCE; Schema: public; Owner: postgres
--

ALTER TABLE public.users_user ALTER COLUMN id ADD GENERATED BY DEFAULT AS IDENTITY (
    SEQUENCE NAME public.users_user_id_seq
    START WITH 1
    INCREMENT BY 1
    NO MINVALUE
    NO MAXVALUE
    CACHE 1
);


--
-- Name: users_user_user_permissions; Type: TABLE; Schema: public; Owner: postgres
--

CREATE TABLE public.users_user_user_permissions (
    id bigint NOT NULL,
    user_id bigint NOT NULL,
    permission_id integer NOT NULL
);


ALTER TABLE public.users_user_user_permissions OWNER TO postgres;

--
-- Name: users_user_user_permissions_id_seq; Type: SEQUENCE; Schema: public; Owner: postgres
--

ALTER TABLE public.users_user_user_permissions ALTER COLUMN id ADD GENERATED BY DEFAULT AS IDENTITY (
    SEQUENCE NAME public.users_user_user_permissions_id_seq
    START WITH 1
    INCREMENT BY 1
    NO MINVALUE
    NO MAXVALUE
    CACHE 1
);


--
-- Data for Name: auth_group; Type: TABLE DATA; Schema: public; Owner: postgres
--

COPY public.auth_group (id, name) FROM stdin;
\.


--
-- Data for Name: auth_group_permissions; Type: TABLE DATA; Schema: public; Owner: postgres
--

COPY public.auth_group_permissions (id, group_id, permission_id) FROM stdin;
\.


--
-- Data for Name: auth_permission; Type: TABLE DATA; Schema: public; Owner: postgres
--

COPY public.auth_permission (id, name, content_type_id, codename) FROM stdin;
1	Can add log entry	1	add_logentry
2	Can change log entry	1	change_logentry
3	Can delete log entry	1	delete_logentry
4	Can view log entry	1	view_logentry
5	Can add permission	2	add_permission
6	Can change permission	2	change_permission
7	Can delete permission	2	delete_permission
8	Can view permission	2	view_permission
9	Can add group	3	add_group
10	Can change group	3	change_group
11	Can delete group	3	delete_group
12	Can view group	3	view_group
13	Can add content type	4	add_contenttype
14	Can change content type	4	change_contenttype
15	Can delete content type	4	delete_contenttype
16	Can view content type	4	view_contenttype
17	Can add session	5	add_session
18	Can change session	5	change_session
19	Can delete session	5	delete_session
20	Can view session	5	view_session
21	Can add Token	6	add_token
22	Can change Token	6	change_token
23	Can delete Token	6	delete_token
24	Can view Token	6	view_token
25	Can add token	7	add_tokenproxy
26	Can change token	7	change_tokenproxy
27	Can delete token	7	delete_tokenproxy
28	Can view token	7	view_tokenproxy
29	Can add team	8	add_team
30	Can change team	8	change_team
31	Can delete team	8	delete_team
32	Can view team	8	view_team
33	Can add user	9	add_user
34	Can change user	9	change_user
35	Can delete user	9	delete_user
36	Can view user	9	view_user
37	Can add contract	10	add_contract
38	Can change contract	10	change_contract
39	Can delete contract	10	delete_contract
40	Can view contract	10	view_contract
41	Can add event	11	add_event
42	Can change event	11	change_event
43	Can delete event	11	delete_event
44	Can view event	11	view_event
45	Can add client	12	add_client
46	Can change client	12	change_client
47	Can delete client	12	delete_client
48	Can view client	12	view_client
\.


--
-- Data for Name: authtoken_token; Type: TABLE DATA; Schema: public; Owner: postgres
--

COPY public.authtoken_token (key, created, user_id) FROM stdin;
\.


--
-- Data for Name: crm_client; Type: TABLE DATA; Schema: public; Owner: postgres
--

COPY public.crm_client (id, first_name, last_name, email, phone, mobile, company_name, datetime_created, datetime_updated, sales_contact_id) FROM stdin;
1	Marie	Mandar	m.mandar@mariedeparis.com	01-06-10-10-32	06-06-10-10-31	Mairie de Paris	2023-02-15 15:43:56.63218+01	2023-02-16 14:24:44.304151+01	\N
5	test_prénom	test_nom	test@email.com	01_test	06_test	test_company	2023-02-16 14:29:35.771573+01	2023-02-16 14:29:35.771573+01	\N
4	Dominique	Andreani	d.andreani@corsicaferries.com	01-26-41-11-33	06-76-01-11-49	Corsica Ferries	2023-02-16 14:16:20.936762+01	2023-02-18 19:58:43.266443+01	10
2	Eric	Briand	e.briand@edf.com	01-06-11-11-31	06-06-11-11-32	EDF	2023-02-15 18:06:27.617354+01	2023-02-18 19:58:59.162628+01	11
3	Eric	FERRAND	e.ferrand@airbus.com	01-06-11-11-33	06-06-11-11-45	Airbus	2023-02-15 22:21:20.264137+01	2023-02-24 09:39:18.157709+01	10
7	Michel	Merlin	m.merlin@email.fr		07-03-99-50-33	particulier	2023-02-24 09:46:59.312042+01	2023-02-24 09:46:59.312042+01	\N
\.


--
-- Data for Name: crm_contract; Type: TABLE DATA; Schema: public; Owner: postgres
--

COPY public.crm_contract (id, datetime_created, datetime_updated, status_sign, amount, payment_due, client_id, sales_contact_id) FROM stdin;
3	2023-02-18 16:30:44.661288+01	2023-02-18 16:30:44.661288+01	f	2000.00	2023-11-01	3	10
4	2023-02-18 16:32:06.44843+01	2023-02-18 16:32:06.44843+01	f	1000.00	2023-11-01	4	10
1	2023-02-18 16:23:07.549165+01	2023-02-18 16:57:33.819529+01	t	5000.00	2023-09-01	1	10
2	2023-02-18 16:26:12.645563+01	2023-02-22 23:41:02.244065+01	t	5025.99	2023-10-01	2	10
\.


--
-- Data for Name: crm_event; Type: TABLE DATA; Schema: public; Owner: postgres
--

COPY public.crm_event (id, datetime_created, datetime_updated, attendees, event_date, notes, status, support_contact_id, contract_id, name) FROM stdin;
2	2023-02-22 16:46:46.213507+01	2023-02-22 22:32:56.303695+01	2000	2023-10-16		f	12	1	repas annuel des retraités
4	2023-02-22 23:43:41.160271+01	2023-02-23 00:45:14.273346+01	300	2023-06-15		f	12	2	Fête annuelle du personnel
\.


--
-- Data for Name: django_admin_log; Type: TABLE DATA; Schema: public; Owner: postgres
--

COPY public.django_admin_log (id, action_time, object_id, object_repr, action_flag, change_message, content_type_id, user_id) FROM stdin;
1	2023-02-10 17:49:16.552298+01	10	sale1 (MANAGEMENT)	1	[{"added": {}}]	9	9
2	2023-02-10 17:51:41.908961+01	10	sale1 (SALES)	2	[{"changed": {"fields": ["First name", "Last name", "Email address", "Phone", "Mobile", "Team"]}}]	9	9
3	2023-02-10 17:53:32.083303+01	11	sale2 (MANAGEMENT)	1	[{"added": {}}]	9	9
4	2023-02-10 17:54:44.809869+01	11	sale2 (SALES)	2	[{"changed": {"fields": ["First name", "Last name", "Email address", "Mobile", "Team"]}}]	9	9
5	2023-02-10 17:55:52.350536+01	12	support1 (MANAGEMENT)	1	[{"added": {}}]	9	9
6	2023-02-10 17:57:12.598277+01	12	support1 (SUPPORT)	2	[{"changed": {"fields": ["First name", "Last name", "Email address", "Phone", "Mobile", "Team"]}}]	9	9
7	2023-02-10 17:59:14.402865+01	13	support2 (MANAGEMENT)	1	[{"added": {}}]	9	9
8	2023-02-10 18:01:47.595632+01	13	support2 (SUPPORT)	2	[{"changed": {"fields": ["First name", "Last name", "Email address", "Phone", "Mobile", "Team"]}}]	9	9
9	2023-02-10 18:13:04.180559+01	9	admin (MANAGEMENT)	2	[{"changed": {"fields": ["First name", "Last name", "Mobile"]}}]	9	9
10	2023-02-18 19:58:43.266443+01	4	Dominique Andreani	2	[{"changed": {"fields": ["Sales contact"]}}]	12	9
11	2023-02-18 19:58:59.163133+01	2	Eric Briand	2	[{"changed": {"fields": ["Sales contact"]}}]	12	9
12	2023-02-18 19:59:20.010645+01	3	Eric FERRAND	2	[{"changed": {"fields": ["Sales contact"]}}]	12	9
13	2023-02-22 18:24:42.886586+01	2	Evènement commandé par N° 1 pour Marie Mandar - True $ - suivi par support1 (SUPPORT)	2	[{"changed": {"fields": ["Support contact"]}}]	11	9
14	2023-02-22 18:28:49.512266+01	2	N° 2 pour Marie Mandar - True $	2	[{"changed": {"fields": ["Status sign"]}}]	10	9
15	2023-02-22 23:41:02.245196+01	2	N° 2  Eric Briand - Signé 	2	[{"changed": {"fields": ["Client"]}}]	10	9
16	2023-02-22 23:43:41.163272+01	4	Evènement N° 2  Eric Briand - Signé  - suivi par support1 (SUPPORT)	1	[{"added": {}}]	11	9
17	2023-02-24 09:39:18.166228+01	3	Eric FERRAND	2	[{"changed": {"fields": ["Company name"]}}]	12	9
18	2023-02-24 09:46:59.312042+01	7	Michel Merlin	1	[{"added": {}}]	12	9
\.


--
-- Data for Name: django_content_type; Type: TABLE DATA; Schema: public; Owner: postgres
--

COPY public.django_content_type (id, app_label, model) FROM stdin;
1	admin	logentry
2	auth	permission
3	auth	group
4	contenttypes	contenttype
5	sessions	session
6	authtoken	token
7	authtoken	tokenproxy
8	users	team
9	users	user
10	crm	contract
11	crm	event
12	crm	client
\.


--
-- Data for Name: django_migrations; Type: TABLE DATA; Schema: public; Owner: postgres
--

COPY public.django_migrations (id, app, name, applied) FROM stdin;
1	contenttypes	0001_initial	2023-02-06 23:07:01.056171+01
2	contenttypes	0002_remove_content_type_name	2023-02-06 23:07:01.06426+01
3	auth	0001_initial	2023-02-06 23:07:01.096179+01
4	auth	0002_alter_permission_name_max_length	2023-02-06 23:07:01.100181+01
5	auth	0003_alter_user_email_max_length	2023-02-06 23:07:01.104182+01
6	auth	0004_alter_user_username_opts	2023-02-06 23:07:01.107182+01
7	auth	0005_alter_user_last_login_null	2023-02-06 23:07:01.111183+01
8	auth	0006_require_contenttypes_0002	2023-02-06 23:07:01.112266+01
9	auth	0007_alter_validators_add_error_messages	2023-02-06 23:07:01.117184+01
10	auth	0008_alter_user_username_max_length	2023-02-06 23:07:01.120185+01
11	auth	0009_alter_user_last_name_max_length	2023-02-06 23:07:01.125186+01
12	auth	0010_alter_group_name_max_length	2023-02-06 23:07:01.132188+01
13	auth	0011_update_proxy_permissions	2023-02-06 23:07:01.136189+01
14	auth	0012_alter_user_first_name_max_length	2023-02-06 23:07:01.139704+01
15	users	0001_initial	2023-02-06 23:07:01.183199+01
16	admin	0001_initial	2023-02-06 23:07:01.205206+01
17	admin	0002_logentry_remove_auto_add	2023-02-06 23:07:01.211206+01
18	admin	0003_logentry_add_action_flag_choices	2023-02-06 23:07:01.217208+01
19	authtoken	0001_initial	2023-02-06 23:07:01.232211+01
20	authtoken	0002_auto_20160226_1747	2023-02-06 23:07:01.249215+01
21	authtoken	0003_tokenproxy	2023-02-06 23:07:01.250215+01
22	sessions	0001_initial	2023-02-06 23:07:01.261217+01
25	users	0002_alter_team_name	2023-02-10 00:04:07.775031+01
45	crm	0001_initial	2023-02-21 18:04:26.108831+01
46	crm	0002_alter_client_company_name_alter_client_sales_contact_and_more	2023-02-21 18:10:13.123274+01
47	crm	0003_alter_client_sales_contact	2023-02-21 18:10:13.133372+01
48	crm	0004_remove_event_client_event_contract_event_name_and_more	2023-02-21 18:10:13.166462+01
49	crm	0005_alter_event_contract	2023-02-21 20:35:46.887062+01
\.


--
-- Data for Name: django_session; Type: TABLE DATA; Schema: public; Owner: postgres
--

COPY public.django_session (session_key, session_data, expire_date) FROM stdin;
5pi7r6nmf7g992diyqkzzip57tv50jq6	.eJxVjEEOwiAQRe_C2hAyZARcuvcMZIYBqRpISrsy3t026UK3773_3yrSutS4jjzHSdRFeXX6ZUzpmdsu5EHt3nXqbZkn1nuiDzv0rUt-XY_276DSqNsa0QUiBu8gEFgrYEoqCQTPSIaZ0UgOBSCUJAZdsrSxYtl7QSSrPl_y2ziM:1pPlgO:Bqnsei4kPaK93xj56QF5rIkJunr8uTU0wUGJ1pVV4Dc	2023-02-22 15:44:24.59417+01
v41vii0smnhof8qgxca150ihfwqt1gyu	.eJxVjEEOwiAQRe_C2hDoOAO4dO8ZGmBGqRpISrsy3l2bdKHb_977LzXGdSnj2mUeJ1YnFdThd0sxP6RugO-x3prOrS7zlPSm6J12fWksz_Pu_h2U2Mu3FsxgB28IxXBy3goSR0BBoURX4ZCyA3N0BGZgsOA9AiEF8FFYgnp_ANrON10:1pRFT2:QXVNZTjaPNbhFqnW0e3fD1xFB29M505Y040EOKemZKY	2023-02-26 17:44:44.765257+01
\.


--
-- Data for Name: users_team; Type: TABLE DATA; Schema: public; Owner: postgres
--

COPY public.users_team (id, name) FROM stdin;
1	MANAGEMENT
2	SALES
3	SUPPORT
\.


--
-- Data for Name: users_user; Type: TABLE DATA; Schema: public; Owner: postgres
--

COPY public.users_user (id, password, last_login, is_superuser, username, first_name, last_name, email, is_staff, is_active, date_joined, phone, mobile, team_id) FROM stdin;
9	pbkdf2_sha256$390000$L2u2rNL7NdFPj3G1HqmhnJ$VQKfPx7Vsrb7MQ6j9P7PyGZiD/jjj3pD1Ws3cpqwxPY=	2023-02-12 17:44:44.762859+01	t	admin	Eric	Fabre	admin@email.com	t	t	2023-02-10 14:28:15.546343+01	\N	06-06-40-40-21	1
10	pbkdf2_sha256$390000$urfQTdyOOXRPMlV1qTmDdF$UvXcxeQT7+IrSh3f38smKJIoBMjEH3DGmZ9mDzNlfHk=	\N	f	sale1	Jean	Dupont	jdupont@email.com	f	t	2023-02-10 17:49:16.414275+01	01-44-60-78-22	06-99-98-99-01	2
11	pbkdf2_sha256$390000$rk3If1HoqZDLTFdWEVSGdn$NIPQld4ILkt5cd2W7OTAUlaJOfORzABmsz0pMxSfzCQ=	\N	f	sale2	Luc	Martin	luc.martin@email.com	f	t	2023-02-10 17:53:31.951556+01	\N	07-04-76-50-21	2
12	pbkdf2_sha256$390000$O6ac492wshWIAUUrqjpn8Q$7Evb93S34blU9kXm77aIugzpRr5GkQ1tcfF36HqifVw=	\N	f	support1	Emilie	Vincent	emilivincent@email.com	f	t	2023-02-10 17:55:52.210866+01	01-07-10-22-23	06-07-10-22-23	3
13	pbkdf2_sha256$390000$LQEuA6vutE56MKfw2717dt$jLBq+Cv5cR8qJLAcz7m2orUsvnoxtx1vL73gvqZZdl8=	\N	f	support2	Michel	Merlin	m.merlin@email.com	f	t	2023-02-10 17:59:14.269869+01	01-20-33-55'10	06-54-55-33-33	3
\.


--
-- Data for Name: users_user_groups; Type: TABLE DATA; Schema: public; Owner: postgres
--

COPY public.users_user_groups (id, user_id, group_id) FROM stdin;
\.


--
-- Data for Name: users_user_user_permissions; Type: TABLE DATA; Schema: public; Owner: postgres
--

COPY public.users_user_user_permissions (id, user_id, permission_id) FROM stdin;
\.


--
-- Name: auth_group_id_seq; Type: SEQUENCE SET; Schema: public; Owner: postgres
--

SELECT pg_catalog.setval('public.auth_group_id_seq', 1, false);


--
-- Name: auth_group_permissions_id_seq; Type: SEQUENCE SET; Schema: public; Owner: postgres
--

SELECT pg_catalog.setval('public.auth_group_permissions_id_seq', 1, false);


--
-- Name: auth_permission_id_seq; Type: SEQUENCE SET; Schema: public; Owner: postgres
--

SELECT pg_catalog.setval('public.auth_permission_id_seq', 48, true);


--
-- Name: crm_client_id_seq; Type: SEQUENCE SET; Schema: public; Owner: postgres
--

SELECT pg_catalog.setval('public.crm_client_id_seq', 7, true);


--
-- Name: crm_contract_id_seq; Type: SEQUENCE SET; Schema: public; Owner: postgres
--

SELECT pg_catalog.setval('public.crm_contract_id_seq', 4, true);


--
-- Name: crm_event_id_seq; Type: SEQUENCE SET; Schema: public; Owner: postgres
--

SELECT pg_catalog.setval('public.crm_event_id_seq', 4, true);


--
-- Name: django_admin_log_id_seq; Type: SEQUENCE SET; Schema: public; Owner: postgres
--

SELECT pg_catalog.setval('public.django_admin_log_id_seq', 18, true);


--
-- Name: django_content_type_id_seq; Type: SEQUENCE SET; Schema: public; Owner: postgres
--

SELECT pg_catalog.setval('public.django_content_type_id_seq', 12, true);


--
-- Name: django_migrations_id_seq; Type: SEQUENCE SET; Schema: public; Owner: postgres
--

SELECT pg_catalog.setval('public.django_migrations_id_seq', 49, true);


--
-- Name: users_team_id_seq; Type: SEQUENCE SET; Schema: public; Owner: postgres
--

SELECT pg_catalog.setval('public.users_team_id_seq', 3, true);


--
-- Name: users_user_groups_id_seq; Type: SEQUENCE SET; Schema: public; Owner: postgres
--

SELECT pg_catalog.setval('public.users_user_groups_id_seq', 1, false);


--
-- Name: users_user_id_seq; Type: SEQUENCE SET; Schema: public; Owner: postgres
--

SELECT pg_catalog.setval('public.users_user_id_seq', 13, true);


--
-- Name: users_user_user_permissions_id_seq; Type: SEQUENCE SET; Schema: public; Owner: postgres
--

SELECT pg_catalog.setval('public.users_user_user_permissions_id_seq', 1, false);


--
-- Name: auth_group auth_group_name_key; Type: CONSTRAINT; Schema: public; Owner: postgres
--

ALTER TABLE ONLY public.auth_group
    ADD CONSTRAINT auth_group_name_key UNIQUE (name);


--
-- Name: auth_group_permissions auth_group_permissions_group_id_permission_id_0cd325b0_uniq; Type: CONSTRAINT; Schema: public; Owner: postgres
--

ALTER TABLE ONLY public.auth_group_permissions
    ADD CONSTRAINT auth_group_permissions_group_id_permission_id_0cd325b0_uniq UNIQUE (group_id, permission_id);


--
-- Name: auth_group_permissions auth_group_permissions_pkey; Type: CONSTRAINT; Schema: public; Owner: postgres
--

ALTER TABLE ONLY public.auth_group_permissions
    ADD CONSTRAINT auth_group_permissions_pkey PRIMARY KEY (id);


--
-- Name: auth_group auth_group_pkey; Type: CONSTRAINT; Schema: public; Owner: postgres
--

ALTER TABLE ONLY public.auth_group
    ADD CONSTRAINT auth_group_pkey PRIMARY KEY (id);


--
-- Name: auth_permission auth_permission_content_type_id_codename_01ab375a_uniq; Type: CONSTRAINT; Schema: public; Owner: postgres
--

ALTER TABLE ONLY public.auth_permission
    ADD CONSTRAINT auth_permission_content_type_id_codename_01ab375a_uniq UNIQUE (content_type_id, codename);


--
-- Name: auth_permission auth_permission_pkey; Type: CONSTRAINT; Schema: public; Owner: postgres
--

ALTER TABLE ONLY public.auth_permission
    ADD CONSTRAINT auth_permission_pkey PRIMARY KEY (id);


--
-- Name: authtoken_token authtoken_token_pkey; Type: CONSTRAINT; Schema: public; Owner: postgres
--

ALTER TABLE ONLY public.authtoken_token
    ADD CONSTRAINT authtoken_token_pkey PRIMARY KEY (key);


--
-- Name: authtoken_token authtoken_token_user_id_key; Type: CONSTRAINT; Schema: public; Owner: postgres
--

ALTER TABLE ONLY public.authtoken_token
    ADD CONSTRAINT authtoken_token_user_id_key UNIQUE (user_id);


--
-- Name: crm_client crm_client_pkey; Type: CONSTRAINT; Schema: public; Owner: postgres
--

ALTER TABLE ONLY public.crm_client
    ADD CONSTRAINT crm_client_pkey PRIMARY KEY (id);


--
-- Name: crm_contract crm_contract_pkey; Type: CONSTRAINT; Schema: public; Owner: postgres
--

ALTER TABLE ONLY public.crm_contract
    ADD CONSTRAINT crm_contract_pkey PRIMARY KEY (id);


--
-- Name: crm_event crm_event_contract_id_key; Type: CONSTRAINT; Schema: public; Owner: postgres
--

ALTER TABLE ONLY public.crm_event
    ADD CONSTRAINT crm_event_contract_id_key UNIQUE (contract_id);


--
-- Name: crm_event crm_event_pkey; Type: CONSTRAINT; Schema: public; Owner: postgres
--

ALTER TABLE ONLY public.crm_event
    ADD CONSTRAINT crm_event_pkey PRIMARY KEY (id);


--
-- Name: django_admin_log django_admin_log_pkey; Type: CONSTRAINT; Schema: public; Owner: postgres
--

ALTER TABLE ONLY public.django_admin_log
    ADD CONSTRAINT django_admin_log_pkey PRIMARY KEY (id);


--
-- Name: django_content_type django_content_type_app_label_model_76bd3d3b_uniq; Type: CONSTRAINT; Schema: public; Owner: postgres
--

ALTER TABLE ONLY public.django_content_type
    ADD CONSTRAINT django_content_type_app_label_model_76bd3d3b_uniq UNIQUE (app_label, model);


--
-- Name: django_content_type django_content_type_pkey; Type: CONSTRAINT; Schema: public; Owner: postgres
--

ALTER TABLE ONLY public.django_content_type
    ADD CONSTRAINT django_content_type_pkey PRIMARY KEY (id);


--
-- Name: django_migrations django_migrations_pkey; Type: CONSTRAINT; Schema: public; Owner: postgres
--

ALTER TABLE ONLY public.django_migrations
    ADD CONSTRAINT django_migrations_pkey PRIMARY KEY (id);


--
-- Name: django_session django_session_pkey; Type: CONSTRAINT; Schema: public; Owner: postgres
--

ALTER TABLE ONLY public.django_session
    ADD CONSTRAINT django_session_pkey PRIMARY KEY (session_key);


--
-- Name: users_team users_team_pkey; Type: CONSTRAINT; Schema: public; Owner: postgres
--

ALTER TABLE ONLY public.users_team
    ADD CONSTRAINT users_team_pkey PRIMARY KEY (id);


--
-- Name: users_user_groups users_user_groups_pkey; Type: CONSTRAINT; Schema: public; Owner: postgres
--

ALTER TABLE ONLY public.users_user_groups
    ADD CONSTRAINT users_user_groups_pkey PRIMARY KEY (id);


--
-- Name: users_user_groups users_user_groups_user_id_group_id_b88eab82_uniq; Type: CONSTRAINT; Schema: public; Owner: postgres
--

ALTER TABLE ONLY public.users_user_groups
    ADD CONSTRAINT users_user_groups_user_id_group_id_b88eab82_uniq UNIQUE (user_id, group_id);


--
-- Name: users_user users_user_pkey; Type: CONSTRAINT; Schema: public; Owner: postgres
--

ALTER TABLE ONLY public.users_user
    ADD CONSTRAINT users_user_pkey PRIMARY KEY (id);


--
-- Name: users_user_user_permissions users_user_user_permissions_pkey; Type: CONSTRAINT; Schema: public; Owner: postgres
--

ALTER TABLE ONLY public.users_user_user_permissions
    ADD CONSTRAINT users_user_user_permissions_pkey PRIMARY KEY (id);


--
-- Name: users_user_user_permissions users_user_user_permissions_user_id_permission_id_43338c45_uniq; Type: CONSTRAINT; Schema: public; Owner: postgres
--

ALTER TABLE ONLY public.users_user_user_permissions
    ADD CONSTRAINT users_user_user_permissions_user_id_permission_id_43338c45_uniq UNIQUE (user_id, permission_id);


--
-- Name: users_user users_user_username_key; Type: CONSTRAINT; Schema: public; Owner: postgres
--

ALTER TABLE ONLY public.users_user
    ADD CONSTRAINT users_user_username_key UNIQUE (username);


--
-- Name: auth_group_name_a6ea08ec_like; Type: INDEX; Schema: public; Owner: postgres
--

CREATE INDEX auth_group_name_a6ea08ec_like ON public.auth_group USING btree (name varchar_pattern_ops);


--
-- Name: auth_group_permissions_group_id_b120cbf9; Type: INDEX; Schema: public; Owner: postgres
--

CREATE INDEX auth_group_permissions_group_id_b120cbf9 ON public.auth_group_permissions USING btree (group_id);


--
-- Name: auth_group_permissions_permission_id_84c5c92e; Type: INDEX; Schema: public; Owner: postgres
--

CREATE INDEX auth_group_permissions_permission_id_84c5c92e ON public.auth_group_permissions USING btree (permission_id);


--
-- Name: auth_permission_content_type_id_2f476e4b; Type: INDEX; Schema: public; Owner: postgres
--

CREATE INDEX auth_permission_content_type_id_2f476e4b ON public.auth_permission USING btree (content_type_id);


--
-- Name: authtoken_token_key_10f0b77e_like; Type: INDEX; Schema: public; Owner: postgres
--

CREATE INDEX authtoken_token_key_10f0b77e_like ON public.authtoken_token USING btree (key varchar_pattern_ops);


--
-- Name: crm_client_sales_contact_id_e9672697; Type: INDEX; Schema: public; Owner: postgres
--

CREATE INDEX crm_client_sales_contact_id_e9672697 ON public.crm_client USING btree (sales_contact_id);


--
-- Name: crm_contract_client_id_a6b28105; Type: INDEX; Schema: public; Owner: postgres
--

CREATE INDEX crm_contract_client_id_a6b28105 ON public.crm_contract USING btree (client_id);


--
-- Name: crm_contract_sales_contact_id_0305b5fb; Type: INDEX; Schema: public; Owner: postgres
--

CREATE INDEX crm_contract_sales_contact_id_0305b5fb ON public.crm_contract USING btree (sales_contact_id);


--
-- Name: crm_event_support_contact_id_b18d124d; Type: INDEX; Schema: public; Owner: postgres
--

CREATE INDEX crm_event_support_contact_id_b18d124d ON public.crm_event USING btree (support_contact_id);


--
-- Name: django_admin_log_content_type_id_c4bce8eb; Type: INDEX; Schema: public; Owner: postgres
--

CREATE INDEX django_admin_log_content_type_id_c4bce8eb ON public.django_admin_log USING btree (content_type_id);


--
-- Name: django_admin_log_user_id_c564eba6; Type: INDEX; Schema: public; Owner: postgres
--

CREATE INDEX django_admin_log_user_id_c564eba6 ON public.django_admin_log USING btree (user_id);


--
-- Name: django_session_expire_date_a5c62663; Type: INDEX; Schema: public; Owner: postgres
--

CREATE INDEX django_session_expire_date_a5c62663 ON public.django_session USING btree (expire_date);


--
-- Name: django_session_session_key_c0390e0f_like; Type: INDEX; Schema: public; Owner: postgres
--

CREATE INDEX django_session_session_key_c0390e0f_like ON public.django_session USING btree (session_key varchar_pattern_ops);


--
-- Name: users_user_groups_group_id_9afc8d0e; Type: INDEX; Schema: public; Owner: postgres
--

CREATE INDEX users_user_groups_group_id_9afc8d0e ON public.users_user_groups USING btree (group_id);


--
-- Name: users_user_groups_user_id_5f6f5a90; Type: INDEX; Schema: public; Owner: postgres
--

CREATE INDEX users_user_groups_user_id_5f6f5a90 ON public.users_user_groups USING btree (user_id);


--
-- Name: users_user_team_id_9b7def40; Type: INDEX; Schema: public; Owner: postgres
--

CREATE INDEX users_user_team_id_9b7def40 ON public.users_user USING btree (team_id);


--
-- Name: users_user_user_permissions_permission_id_0b93982e; Type: INDEX; Schema: public; Owner: postgres
--

CREATE INDEX users_user_user_permissions_permission_id_0b93982e ON public.users_user_user_permissions USING btree (permission_id);


--
-- Name: users_user_user_permissions_user_id_20aca447; Type: INDEX; Schema: public; Owner: postgres
--

CREATE INDEX users_user_user_permissions_user_id_20aca447 ON public.users_user_user_permissions USING btree (user_id);


--
-- Name: users_user_username_06e46fe6_like; Type: INDEX; Schema: public; Owner: postgres
--

CREATE INDEX users_user_username_06e46fe6_like ON public.users_user USING btree (username varchar_pattern_ops);


--
-- Name: auth_group_permissions auth_group_permissio_permission_id_84c5c92e_fk_auth_perm; Type: FK CONSTRAINT; Schema: public; Owner: postgres
--

ALTER TABLE ONLY public.auth_group_permissions
    ADD CONSTRAINT auth_group_permissio_permission_id_84c5c92e_fk_auth_perm FOREIGN KEY (permission_id) REFERENCES public.auth_permission(id) DEFERRABLE INITIALLY DEFERRED;


--
-- Name: auth_group_permissions auth_group_permissions_group_id_b120cbf9_fk_auth_group_id; Type: FK CONSTRAINT; Schema: public; Owner: postgres
--

ALTER TABLE ONLY public.auth_group_permissions
    ADD CONSTRAINT auth_group_permissions_group_id_b120cbf9_fk_auth_group_id FOREIGN KEY (group_id) REFERENCES public.auth_group(id) DEFERRABLE INITIALLY DEFERRED;


--
-- Name: auth_permission auth_permission_content_type_id_2f476e4b_fk_django_co; Type: FK CONSTRAINT; Schema: public; Owner: postgres
--

ALTER TABLE ONLY public.auth_permission
    ADD CONSTRAINT auth_permission_content_type_id_2f476e4b_fk_django_co FOREIGN KEY (content_type_id) REFERENCES public.django_content_type(id) DEFERRABLE INITIALLY DEFERRED;


--
-- Name: authtoken_token authtoken_token_user_id_35299eff_fk_users_user_id; Type: FK CONSTRAINT; Schema: public; Owner: postgres
--

ALTER TABLE ONLY public.authtoken_token
    ADD CONSTRAINT authtoken_token_user_id_35299eff_fk_users_user_id FOREIGN KEY (user_id) REFERENCES public.users_user(id) DEFERRABLE INITIALLY DEFERRED;


--
-- Name: crm_client crm_client_sales_contact_id_e9672697_fk_users_user_id; Type: FK CONSTRAINT; Schema: public; Owner: postgres
--

ALTER TABLE ONLY public.crm_client
    ADD CONSTRAINT crm_client_sales_contact_id_e9672697_fk_users_user_id FOREIGN KEY (sales_contact_id) REFERENCES public.users_user(id) DEFERRABLE INITIALLY DEFERRED;


--
-- Name: crm_contract crm_contract_client_id_a6b28105_fk_crm_client_id; Type: FK CONSTRAINT; Schema: public; Owner: postgres
--

ALTER TABLE ONLY public.crm_contract
    ADD CONSTRAINT crm_contract_client_id_a6b28105_fk_crm_client_id FOREIGN KEY (client_id) REFERENCES public.crm_client(id) DEFERRABLE INITIALLY DEFERRED;


--
-- Name: crm_contract crm_contract_sales_contact_id_0305b5fb_fk_users_user_id; Type: FK CONSTRAINT; Schema: public; Owner: postgres
--

ALTER TABLE ONLY public.crm_contract
    ADD CONSTRAINT crm_contract_sales_contact_id_0305b5fb_fk_users_user_id FOREIGN KEY (sales_contact_id) REFERENCES public.users_user(id) DEFERRABLE INITIALLY DEFERRED;


--
-- Name: crm_event crm_event_contract_id_d0c53cbe_fk_crm_contract_id; Type: FK CONSTRAINT; Schema: public; Owner: postgres
--

ALTER TABLE ONLY public.crm_event
    ADD CONSTRAINT crm_event_contract_id_d0c53cbe_fk_crm_contract_id FOREIGN KEY (contract_id) REFERENCES public.crm_contract(id) DEFERRABLE INITIALLY DEFERRED;


--
-- Name: crm_event crm_event_support_contact_id_b18d124d_fk_users_user_id; Type: FK CONSTRAINT; Schema: public; Owner: postgres
--

ALTER TABLE ONLY public.crm_event
    ADD CONSTRAINT crm_event_support_contact_id_b18d124d_fk_users_user_id FOREIGN KEY (support_contact_id) REFERENCES public.users_user(id) DEFERRABLE INITIALLY DEFERRED;


--
-- Name: django_admin_log django_admin_log_content_type_id_c4bce8eb_fk_django_co; Type: FK CONSTRAINT; Schema: public; Owner: postgres
--

ALTER TABLE ONLY public.django_admin_log
    ADD CONSTRAINT django_admin_log_content_type_id_c4bce8eb_fk_django_co FOREIGN KEY (content_type_id) REFERENCES public.django_content_type(id) DEFERRABLE INITIALLY DEFERRED;


--
-- Name: django_admin_log django_admin_log_user_id_c564eba6_fk_users_user_id; Type: FK CONSTRAINT; Schema: public; Owner: postgres
--

ALTER TABLE ONLY public.django_admin_log
    ADD CONSTRAINT django_admin_log_user_id_c564eba6_fk_users_user_id FOREIGN KEY (user_id) REFERENCES public.users_user(id) DEFERRABLE INITIALLY DEFERRED;


--
-- Name: users_user_groups users_user_groups_group_id_9afc8d0e_fk_auth_group_id; Type: FK CONSTRAINT; Schema: public; Owner: postgres
--

ALTER TABLE ONLY public.users_user_groups
    ADD CONSTRAINT users_user_groups_group_id_9afc8d0e_fk_auth_group_id FOREIGN KEY (group_id) REFERENCES public.auth_group(id) DEFERRABLE INITIALLY DEFERRED;


--
-- Name: users_user_groups users_user_groups_user_id_5f6f5a90_fk_users_user_id; Type: FK CONSTRAINT; Schema: public; Owner: postgres
--

ALTER TABLE ONLY public.users_user_groups
    ADD CONSTRAINT users_user_groups_user_id_5f6f5a90_fk_users_user_id FOREIGN KEY (user_id) REFERENCES public.users_user(id) DEFERRABLE INITIALLY DEFERRED;


--
-- Name: users_user users_user_team_id_9b7def40_fk_users_team_id; Type: FK CONSTRAINT; Schema: public; Owner: postgres
--

ALTER TABLE ONLY public.users_user
    ADD CONSTRAINT users_user_team_id_9b7def40_fk_users_team_id FOREIGN KEY (team_id) REFERENCES public.users_team(id) DEFERRABLE INITIALLY DEFERRED;


--
-- Name: users_user_user_permissions users_user_user_perm_permission_id_0b93982e_fk_auth_perm; Type: FK CONSTRAINT; Schema: public; Owner: postgres
--

ALTER TABLE ONLY public.users_user_user_permissions
    ADD CONSTRAINT users_user_user_perm_permission_id_0b93982e_fk_auth_perm FOREIGN KEY (permission_id) REFERENCES public.auth_permission(id) DEFERRABLE INITIALLY DEFERRED;


--
-- Name: users_user_user_permissions users_user_user_permissions_user_id_20aca447_fk_users_user_id; Type: FK CONSTRAINT; Schema: public; Owner: postgres
--

ALTER TABLE ONLY public.users_user_user_permissions
    ADD CONSTRAINT users_user_user_permissions_user_id_20aca447_fk_users_user_id FOREIGN KEY (user_id) REFERENCES public.users_user(id) DEFERRABLE INITIALLY DEFERRED;


--
-- PostgreSQL database dump complete
--

